"Overall","Covariate","Model"
100,"SST","M1"
86.3815515946636,"ICEDIST","M1"
80.4075437423193,"SLOPEDIST","M1"
54.9693726029243,"SSTVAR","M1"
46.7998528393269,"SHELFDIST","M1"
45.3082483067276,"DEPTH","M1"
44.8276330752838,"SSTFRONT","M1"
34.6394316307966,"SLOPE","M1"
21.2071491257807,"ICE","M1"
0,"ICEVAR","M1"
