"Overall","Covariate","Model"
100,"SLOPEDIST","M3"
49.7299280769498,"ICEDIST","M3"
46.5184457284792,"SHELFDIST","M3"
34.0881826939397,"SST","M3"
26.9579587369664,"DEPTH","M3"
19.6992092751745,"SSTVAR","M3"
11.7369355832295,"SSTFRONT","M3"
3.65501520187295,"ICE","M3"
1.50370046545112,"ICEVAR","M3"
0,"SLOPE","M3"
