"Overall","Covariate","Model"
100,"SST","M1"
90.9129471410081,"ICEDIST","M1"
81.2161401593362,"SLOPEDIST","M1"
52.7265406837782,"SSTVAR","M1"
48.0938079882694,"SHELFDIST","M1"
47.3594553595052,"DEPTH","M1"
44.5932862032611,"SSTFRONT","M1"
35.698796019013,"SLOPE","M1"
16.5262357468381,"ICE","M1"
0,"ICEVAR","M1"
