"Overall","Covariate","Model"
100,"SST","M1"
90.406966027519,"ICEDIST","M1"
78.4273937437312,"SLOPEDIST","M1"
48.666379877341,"SSTVAR","M1"
43.4400608176986,"SHELFDIST","M1"
42.3813834905608,"DEPTH","M1"
42.1471649346678,"SSTFRONT","M1"
33.688416969179,"SLOPE","M1"
16.3799128701437,"ICE","M1"
0,"ICEVAR","M1"
