"Overall","Covariate","Model"
100,"SST","M1"
82.6512228000889,"ICEDIST","M1"
67.5497292921356,"SLOPEDIST","M1"
43.875507919648,"DEPTH","M1"
43.2398035973974,"SSTVAR","M1"
42.2641114480551,"SHELFDIST","M1"
40.7092026992659,"SSTFRONT","M1"
34.3534427827743,"SLOPE","M1"
10.7026350088301,"ICE","M1"
0,"ICEVAR","M1"
