"Overall","Covariate","Model"
100,"SLOPEDIST","M3"
59.1662957336619,"ICEDIST","M3"
55.3792119145591,"SHELFDIST","M3"
38.8581719587486,"DEPTH","M3"
35.6050530033044,"SST","M3"
20.0199279285919,"SSTVAR","M3"
12.9933503206722,"SSTFRONT","M3"
2.88394114768976,"ICE","M3"
0.0702346833387187,"ICEVAR","M3"
0,"SLOPE","M3"
