"Overall","Covariate","Model"
100,"SLOPEDIST","M3"
50.3236107781508,"ICEDIST","M3"
47.2754037236608,"SHELFDIST","M3"
39.4359056503322,"SST","M3"
24.5910642355741,"DEPTH","M3"
23.7303081067871,"SSTVAR","M3"
13.4956897144937,"SSTFRONT","M3"
2.6767938157637,"ICE","M3"
1.63241636898239,"ICEVAR","M3"
0,"SLOPE","M3"
