"Overall","Covariate","Model"
100,"SST","M1"
81.9867410958598,"ICEDIST","M1"
78.9741353756673,"SLOPEDIST","M1"
51.0185359006609,"SSTVAR","M1"
47.1535346483032,"DEPTH","M1"
44.7871963014346,"SHELFDIST","M1"
44.1858360414984,"SSTFRONT","M1"
36.4890121407937,"SLOPE","M1"
13.4128423938616,"ICE","M1"
0,"ICEVAR","M1"
