"Overall","Covariate","Model"
100,"SLOPEDIST","M3"
59.0739240991765,"ICEDIST","M3"
55.4542736883031,"SHELFDIST","M3"
41.4622498694389,"SST","M3"
30.5743589711194,"DEPTH","M3"
25.409617086507,"SSTVAR","M3"
15.0240373715309,"SSTFRONT","M3"
2.39423652023383,"ICE","M3"
0.703898850578802,"ICEVAR","M3"
0,"SLOPE","M3"
