"Overall","Covariate","Model"
100,"SLOPEDIST","M3"
54.7734422565711,"ICEDIST","M3"
48.8644555518167,"SHELFDIST","M3"
40.0475585816528,"SST","M3"
30.8955661047276,"DEPTH","M3"
24.4559587576998,"SSTVAR","M3"
14.5548870813721,"SSTFRONT","M3"
3.76849579336675,"ICE","M3"
1.84615693617969,"ICEVAR","M3"
0,"SLOPE","M3"
