"Overall","Covariate","Model"
100,"SST","M1"
88.1711689052506,"ICEDIST","M1"
82.8202034469788,"SLOPEDIST","M1"
53.2979308454667,"SSTVAR","M1"
45.7325605246857,"DEPTH","M1"
44.5543634738731,"SHELFDIST","M1"
42.8339711360061,"SSTFRONT","M1"
35.0292530534329,"SLOPE","M1"
20.8171215722393,"ICE","M1"
0,"ICEVAR","M1"
