"Overall","Covariate","Model"
100,"SLOPEDIST","M3"
52.4614473061486,"ICEDIST","M3"
46.4680648052706,"SHELFDIST","M3"
34.3607880608671,"SST","M3"
25.7554880117928,"DEPTH","M3"
19.8298948440394,"SSTVAR","M3"
11.5914808871475,"SSTFRONT","M3"
3.5281822571092,"ICE","M3"
1.57717355707582,"ICEVAR","M3"
0,"SLOPE","M3"
