"mtry","splitrule","min.node.size","ROC","Sens","Spec","ROCSD","SensSD","SpecSD","model","n_tracks","validation_all_tracks","validation_iwc"
4,"gini",1,0.921438501727566,0.871442272179722,0.843020276299355,0.0241146146169915,0.0301166344297738,0.0408579747378261,"M4",168,0.963383431818788,0.757838973459827
