"mtry","splitrule","min.node.size","ROC","Sens","Spec","ROCSD","SensSD","SpecSD","model","n_tracks","validation_all_tracks","validation_iwc"
1,"gini",1,0.820027802451483,0.629220421079206,0.824073710586429,0.0601230765608159,0.246682221694333,0.0644143528771724,"Mr_Pacific",18,0.716820577507028,0.748729133431264
