"mtry","splitrule","min.node.size","ROC","Sens","Spec","ROCSD","SensSD","SpecSD","model","n_tracks","validation_all_tracks","validation_iwc"
2,"gini",1,0.810839098793399,0.587370592618834,0.81060109954805,0.0818517415458566,0.313854489877737,0.0649963622608075,"Mr_EastIndian",15,0.76061613273346,0.789236520777957
