"mtry","splitrule","min.node.size","ROC","Sens","Spec","ROCSD","SensSD","SpecSD","model","n_tracks","validation_all_tracks","validation_iwc"
4,"gini",1,0.805501079743657,0.603043566257274,0.785250278296079,0.0838209171848617,0.266953143586984,0.0523780793600225,"Mr_EastIndian",15,0.743258110876824,0.677112115790145
