"mtry","splitrule","min.node.size","ROC","Sens","Spec","ROCSD","SensSD","SpecSD","model","n_tracks","validation_all_tracks","validation_iwc"
4,"gini",1,0.802464820024016,0.714930002004915,0.674249622110878,0.0907622482841528,0.176231489856905,0.174421787388443,"Mr_WestPacific",29,0.690449442488044,0.582182514805132
