"mtry","splitrule","min.node.size","ROC","Sens","Spec","ROCSD","SensSD","SpecSD","model","n_tracks","validation_all_tracks","validation_iwc"
1,"gini",1,0.888516980644519,0.767093095003463,0.867767379108905,0.0322174568544784,0.0869372733816279,0.0228842961145139,"Mr_Atlantic",41,0.79836823769977,0.80012521173194
