"mtry","splitrule","min.node.size","ROC","Sens","Spec","ROCSD","SensSD","SpecSD","model","n_tracks","validation_all_tracks","validation_iwc"
2,"gini",1,0.834823305517609,0.713201485364637,0.794205243778129,0.0391085699743254,0.148628910554826,0.0688686088299451,"Mr_Pacific",18,0.676992894864033,0.581374711627147
