"mtry","splitrule","min.node.size","ROC","Sens","Spec","ROCSD","SensSD","SpecSD","model","n_tracks","validation_all_tracks","validation_iwc"
4,"gini",1,0.920178198335268,0.883455995229392,0.852830605862794,0.0246016227170414,0.0384079115093394,0.0332605749746885,"M5",165,0.972472578337177,0.808285392817994
