"mtry","splitrule","min.node.size","ROC","Sens","Spec","ROCSD","SensSD","SpecSD","model","n_tracks","validation_all_tracks","validation_iwc"
4,"gini",1,0.829481499996999,0.690472918904515,0.752821117239338,0.0790288405834711,0.174203777700633,0.115543869859173,"Mr_WestPacific",29,0.697336912356199,0.568781738819839
