"mtry","splitrule","min.node.size","ROC","Sens","Spec","ROCSD","SensSD","SpecSD","model","n_tracks","validation_all_tracks","validation_iwc"
5,"gini",1,0.796855306143189,0.678006956857099,0.764933960517673,0.0429911863169989,0.0676881699757977,0.0300271980761464,"M1",165,0.954600948481507,0.756323994920615
