"mtry","splitrule","min.node.size","ROC","Sens","Spec","ROCSD","SensSD","SpecSD","model","n_tracks","validation_all_tracks","validation_iwc"
4,"gini",1,0.9150619541623,0.878435887353232,0.844382601629519,0.0319608878818629,0.0295797708767305,0.0483499411641265,"M5",168,0.966446299689438,0.820855446045467
