"mtry","splitrule","min.node.size","ROC","Sens","Spec","ROCSD","SensSD","SpecSD","model","n_tracks","validation_all_tracks","validation_iwc"
3,"gini",1,0.887321416921788,0.795592180820381,0.826662912178458,0.0426798069891348,0.0649282848009187,0.0462974220980717,"M4",165,0.965038416096874,0.742291117070981
