"mtry","splitrule","min.node.size","ROC","Sens","Spec","ROCSD","SensSD","SpecSD","model","n_tracks","validation_all_tracks","validation_iwc"
3,"gini",1,0.929451756229584,0.887972070009273,0.850769238420706,0.00769485337709906,0.0338724659908493,0.0173557371836617,"M4",165,0.969291316277206,0.784054419627421
