"mtry","splitrule","min.node.size","ROC","Sens","Spec","ROCSD","SensSD","SpecSD","model","n_tracks","validation_all_tracks","validation_iwc"
4,"gini",1,0.837789322581597,0.654674873574944,0.808937978707341,0.0831031993287231,0.250495602364031,0.0798288882258075,"Mr_EastIndian",15,0.731378598978936,0.685394338965165
