"mtry","splitrule","min.node.size","ROC","Sens","Spec","ROCSD","SensSD","SpecSD","model","n_tracks","validation_all_tracks","validation_iwc"
5,"gini",1,0.924938941508524,0.878580198552616,0.854835232947091,0.0218303032553182,0.0416866059436461,0.0272372792400934,"M5",165,0.970472383478089,0.803207205161797
