"mtry","splitrule","min.node.size","ROC","Sens","Spec","ROCSD","SensSD","SpecSD","model","n_tracks","validation_all_tracks","validation_iwc"
3,"gini",1,0.823563254274912,0.65745109672586,0.779431848292446,0.0570500204098367,0.169835385132952,0.0597547961402214,"Mr_WestPacific",29,0.687383357773174,0.596476517753309
