"mtry","splitrule","min.node.size","ROC","Sens","Spec","ROCSD","SensSD","SpecSD","model","n_tracks","validation_all_tracks","validation_iwc"
3,"gini",1,0.921640821952755,0.887225924247445,0.836140736532814,0.0307099827988579,0.0292456854068114,0.0545579590036847,"M4",168,0.963513489610986,0.781712246833575
