"mtry","splitrule","min.node.size","ROC","Sens","Spec","ROCSD","SensSD","SpecSD","model","n_tracks","validation_all_tracks","validation_iwc"
4,"gini",1,0.838118257701561,0.772780273854325,0.774481419800027,0.0570334859114787,0.1390593642324,0.0743264533845305,"Mr_Pacific",18,0.655409112582138,0.686962794782197
