"mtry","splitrule","min.node.size","ROC","Sens","Spec","ROCSD","SensSD","SpecSD","model","n_tracks","validation_all_tracks","validation_iwc"
3,"gini",1,0.796773279063851,0.683974336732159,0.759560761931407,0.0259896776298948,0.0700933162503278,0.036583876907903,"M1",168,0.949016300280085,0.747907036538265
