"mtry","splitrule","min.node.size","ROC","Sens","Spec","ROCSD","SensSD","SpecSD","model","n_tracks","validation_all_tracks","validation_iwc"
4,"gini",1,0.792368112092907,0.680784195122468,0.757693526993788,0.0294275132759625,0.0487861153756513,0.0347830041405184,"M1",168,0.947938910523883,0.772062387909705
