"mtry","splitrule","min.node.size","ROC","Sens","Spec","ROCSD","SensSD","SpecSD","model","n_tracks","validation_all_tracks","validation_iwc"
4,"gini",1,0.793909622797824,0.671602637457879,0.768478540180572,0.0562367950370948,0.112091731258825,0.0254246555561914,"M1",165,0.954752948697687,0.741184778778721
