"mtry","splitrule","min.node.size","ROC","Sens","Spec","ROCSD","SensSD","SpecSD","model","n_tracks","validation_all_tracks","validation_iwc"
2,"gini",1,0.870033672332106,0.733788652372375,0.853822260240532,0.0492517414278375,0.142077528375773,0.0400771546417676,"Mr_Atlantic",41,0.77726828635887,0.79094819926208
