"mtry","splitrule","min.node.size","ROC","Sens","Spec","ROCSD","SensSD","SpecSD","model","n_tracks","validation_all_tracks","validation_iwc"
3,"gini",1,0.803037433503093,0.690291958770616,0.76635746836394,0.043561570550532,0.0959639803373584,0.0372033183143936,"M1",165,0.955919411189786,0.774993876229706
