"mtry","splitrule","min.node.size","ROC","Sens","Spec","ROCSD","SensSD","SpecSD","model","n_tracks","validation_all_tracks","validation_iwc"
2,"gini",1,0.821562338143489,0.729169654017475,0.767797926113923,0.0478141450362377,0.0784964857282981,0.120894874346844,"Mr_Pacific",18,0.640536783003098,0.681479321283966
