"mtry","splitrule","min.node.size","ROC","Sens","Spec","ROCSD","SensSD","SpecSD","model","n_tracks","validation_all_tracks","validation_iwc"
4,"gini",1,0.919606091411181,0.872535553151587,0.847793057721948,0.0145914895164913,0.0282043587011469,0.0190115714750175,"M5",168,0.96699606395795,0.825455503522822
