"mtry","splitrule","min.node.size","ROC","Sens","Spec","ROCSD","SensSD","SpecSD","model","n_tracks","validation_all_tracks","validation_iwc"
4,"gini",1,0.926976964035988,0.883388453224689,0.846943573192567,0.0164380934564002,0.0524999329196399,0.0266241232157753,"M4",165,0.969543324311519,0.741398084265117
