"mtry","splitrule","min.node.size","ROC","Sens","Spec","ROCSD","SensSD","SpecSD","model","n_tracks","validation_all_tracks","validation_iwc"
3,"gini",1,0.817420371692556,0.7177582862093,0.774957004647478,0.0543165600454357,0.169326672562666,0.129425786029391,"Mr_Pacific",18,0.647936594374828,0.632416995506627
