"mtry","splitrule","min.node.size","ROC","Sens","Spec","ROCSD","SensSD","SpecSD","model","n_tracks","validation_all_tracks","validation_iwc"
4,"gini",1,0.83999573749631,0.749874041334336,0.688684349301058,0.0391805136668164,0.164901095815645,0.196390800740037,"Mr_WestPacific",29,0.689306757733184,0.595779872171085
