"mtry","splitrule","min.node.size","ROC","Sens","Spec","ROCSD","SensSD","SpecSD","model","n_tracks","validation_all_tracks","validation_iwc"
5,"gini",1,0.828011384927197,0.729150056834731,0.77727249186724,0.0496620547374667,0.170247188176974,0.0946227071839466,"Mr_Pacific",18,0.715026278614801,0.713650485212983
