"mtry","splitrule","min.node.size","ROC","Sens","Spec","ROCSD","SensSD","SpecSD","model","n_tracks","validation_all_tracks","validation_iwc"
4,"gini",1,0.804932814058336,0.692596905631776,0.772196241130675,0.0278515494376307,0.0301464903593537,0.0308648898066782,"M1",165,0.95378377969964,0.725753756717386
