"mtry","splitrule","min.node.size","ROC","Sens","Spec","ROCSD","SensSD","SpecSD","model","n_tracks","validation_all_tracks","validation_iwc"
3,"gini",1,0.740819798868609,0.688780017137683,0.675478480833692,0.0899740599164044,0.116783243876316,0.10278544334797,"Mr_EastPacific",49,0.609119782387031,0.659727879748208
