"mtry","splitrule","min.node.size","ROC","Sens","Spec","ROCSD","SensSD","SpecSD","model","n_tracks","validation_all_tracks","validation_iwc"
1,"gini",1,0.813750192722931,0.59105120143554,0.808949254169477,0.0895239791314085,0.323354499476527,0.0859564019516881,"Mr_EastIndian",14,0.748903651856411,0.782934468541654
