"mtry","splitrule","min.node.size","ROC","Sens","Spec","ROCSD","SensSD","SpecSD","model","n_tracks","validation_all_tracks","validation_iwc"
2,"gini",1,0.893165822533898,0.785031123709402,0.855007215122358,0.0371604124209779,0.0910367485795412,0.0265788498224395,"Mr_Atlantic",41,0.789305645072224,0.757397656441766
