"mtry","splitrule","min.node.size","ROC","Sens","Spec","ROCSD","SensSD","SpecSD","model","n_tracks","validation_all_tracks","validation_iwc"
3,"gini",1,0.818854710841092,0.653097720735093,0.79848177522987,0.0838643027308343,0.230964210700504,0.0517065428904743,"Mr_EastIndian",14,0.739395963488385,0.696145080524077
