"mtry","splitrule","min.node.size","ROC","Sens","Spec","ROCSD","SensSD","SpecSD","model","n_tracks","validation_all_tracks","validation_iwc"
5,"gini",1,0.820280375536697,0.606204672507214,0.807549699427531,0.0966292242287159,0.302700090634962,0.0811568507151532,"Mr_EastIndian",14,0.741522219122195,0.688473339502288
