"mtry","splitrule","min.node.size","ROC","Sens","Spec","ROCSD","SensSD","SpecSD","model","n_tracks","validation_all_tracks","validation_iwc"
4,"gini",1,0.917718115833574,0.868501587091502,0.848845237847924,0.0193573863692041,0.0320700046719561,0.0281603907430139,"M5",168,0.967076125125642,0.819216881650167
