"mtry","splitrule","min.node.size","ROC","Sens","Spec","ROCSD","SensSD","SpecSD","model","n_tracks","validation_all_tracks","validation_iwc"
1,"gini",1,0.764303955545154,0.664147058231648,0.714964720300273,0.165855180837083,0.192442789199466,0.250064728608413,"Mr_WestPacific",29,0.715048502409871,0.669434844097745
