"mtry","splitrule","min.node.size","ROC","Sens","Spec","ROCSD","SensSD","SpecSD","model","n_tracks","validation_all_tracks","validation_iwc"
5,"gini",1,0.70291988199576,0.620879528629354,0.675057276708999,0.0869399041587552,0.141476703025128,0.134755305446786,"Mr_EastPacific",49,0.591470766809403,0.641482917319736
