"mtry","splitrule","min.node.size","ROC","Sens","Spec","ROCSD","SensSD","SpecSD","model","n_tracks","validation_all_tracks","validation_iwc"
4,"gini",1,0.923309912737126,0.874550164625929,0.841339211430919,0.0210836534049552,0.0387541867995249,0.0323315846157609,"M4",168,0.963362381440276,0.754701887253283
