"mtry","splitrule","min.node.size","ROC","Sens","Spec","ROCSD","SensSD","SpecSD","model","n_tracks","validation_all_tracks","validation_iwc"
4,"gini",1,0.883028197161356,0.734796492139596,0.858685516026788,0.0288749712851244,0.131136859131966,0.0363940660083533,"Mr_Atlantic",41,0.706782342462586,0.702305799070159
