"mtry","splitrule","min.node.size","ROC","Sens","Spec","ROCSD","SensSD","SpecSD","model","n_tracks","validation_all_tracks","validation_iwc"
4,"gini",1,0.711424312517797,0.644044653950734,0.670836246627862,0.0809092610251859,0.086795812710833,0.109214154184537,"Mr_EastPacific",50,0.628125127491212,0.628363320087045
