"mtry","splitrule","min.node.size","ROC","Sens","Spec","ROCSD","SensSD","SpecSD","model","n_tracks","validation_all_tracks","validation_iwc"
2,"gini",1,0.729505806981192,0.678581899500849,0.670894600826791,0.076450424097464,0.085378665530623,0.114779571474369,"Mr_EastPacific",50,0.611540948822184,0.599448037837536
