"mtry","splitrule","min.node.size","ROC","Sens","Spec","ROCSD","SensSD","SpecSD","model","n_tracks","validation_all_tracks","validation_iwc"
5,"gini",1,0.923122541389472,0.877425756119939,0.85671350255106,0.0276223268254429,0.0425671962372645,0.0337305270374514,"M5",165,0.972694369877287,0.807110384786423
