"mtry","splitrule","min.node.size","ROC","Sens","Spec","ROCSD","SensSD","SpecSD","model","n_tracks","validation_all_tracks","validation_iwc"
3,"gini",1,0.789608424882646,0.685340524790603,0.751878449036028,0.0542952236551015,0.0698140173229437,0.0393434278723704,"M1",168,0.949172675662946,0.775654194151185
