"mtry","splitrule","min.node.size","ROC","Sens","Spec","ROCSD","SensSD","SpecSD","model","n_tracks","validation_all_tracks","validation_iwc"
2,"gini",1,0.888488804521353,0.746119064824479,0.868984498182109,0.0351496334407158,0.109789540328869,0.038192764091343,"Mr_Atlantic",41,0.757118592283517,0.775940995289814
