"mtry","splitrule","min.node.size","ROC","Sens","Spec","ROCSD","SensSD","SpecSD","model","n_tracks","validation_all_tracks","validation_iwc"
5,"gini",1,0.895500779924956,0.798781200520977,0.839365864656988,0.0288604645623968,0.0517574756424511,0.0307310589257788,"M5",165,0.968616984819442,0.746493281856514
