"mtry","splitrule","min.node.size","ROC","Sens","Spec","ROCSD","SensSD","SpecSD","model","n_tracks","validation_all_tracks","validation_iwc"
2,"gini",1,0.688469612403177,0.686040686824807,0.65457904515899,0.121868829562557,0.125637912281642,0.155551076328365,"Mr_EastPacific",50,0.606218398954934,0.570923276742074
