"mtry","splitrule","min.node.size","ROC","Sens","Spec","ROCSD","SensSD","SpecSD","model","n_tracks","validation_all_tracks","validation_iwc"
2,"gini",1,0.797475190731345,0.72790777236647,0.627224780560714,0.0699052504815441,0.234214161998333,0.273097062481699,"Mr_WestPacific",29,0.700876913934133,0.598679883803766
